Room Number,Details
0,"(1, 1, 1, 0)"
100,"(1, 1, 1, 10)"
400,"(1, 1, 1, 20)"
900,"(1, 1, 1, 30)"
1600,"(1, 1, 1, 40)"
2500,"(1, 1, 1, 50)"
3600,"(1, 1, 1, 60)"
4900,"(1, 1, 1, 70)"
6400,"(1, 1, 1, 80)"
8100,"(1, 1, 1, 90)"
10000,"(1, 1, 1, 100)"
12100,"(1, 1, 1, 110)"
14400,"(1, 1, 1, 120)"
16900,"(1, 1, 1, 130)"
19600,"(1, 1, 1, 140)"
22500,"(1, 1, 1, 150)"
25600,"(1, 1, 1, 160)"
28900,"(1, 1, 1, 170)"
32400,"(1, 1, 1, 180)"
36100,"(1, 1, 1, 190)"
40000,"(1, 1, 1, 200)"
44100,"(1, 1, 1, 210)"
48400,"(1, 1, 1, 220)"
52900,"(1, 1, 1, 230)"
57600,"(1, 1, 1, 240)"
62500,"(1, 1, 1, 250)"
67600,"(1, 1, 1, 260)"
72900,"(1, 1, 1, 270)"
78400,"(1, 1, 1, 280)"
84100,"(1, 1, 1, 290)"
90000,"(1, 1, 1, 300)"
96100,"(1, 1, 1, 310)"
102400,"(1, 1, 1, 320)"
108900,"(1, 1, 1, 330)"
115600,"(1, 1, 1, 340)"
122500,"(1, 1, 1, 350)"
129600,"(1, 1, 1, 360)"
136900,"(1, 1, 1, 370)"
144400,"(1, 1, 1, 380)"
152100,"(1, 1, 1, 390)"
160000,"(1, 1, 1, 400)"
168100,"(1, 1, 1, 410)"
176400,"(1, 1, 1, 420)"
184900,"(1, 1, 1, 430)"
193600,"(1, 1, 1, 440)"
202500,"(1, 1, 1, 450)"
211600,"(1, 1, 1, 460)"
220900,"(1, 1, 1, 470)"
230400,"(1, 1, 1, 480)"
240100,"(1, 1, 1, 490)"
250000,"(1, 1, 1, 500)"
260100,"(1, 1, 1, 510)"
270400,"(1, 1, 1, 520)"
280900,"(1, 1, 1, 530)"
291600,"(1, 1, 1, 540)"
302500,"(1, 1, 1, 550)"
313600,"(1, 1, 1, 560)"
324900,"(1, 1, 1, 570)"
336400,"(1, 1, 1, 580)"
348100,"(1, 1, 1, 590)"
360000,"(1, 1, 1, 600)"
372100,"(1, 1, 1, 610)"
384400,"(1, 1, 1, 620)"
396900,"(1, 1, 1, 630)"
409600,"(1, 1, 1, 640)"
422500,"(1, 1, 1, 650)"
435600,"(1, 1, 1, 660)"
448900,"(1, 1, 1, 670)"
462400,"(1, 1, 1, 680)"
476100,"(1, 1, 1, 690)"
490000,"(1, 1, 1, 700)"
504100,"(1, 1, 1, 710)"
518400,"(1, 1, 1, 720)"
532900,"(1, 1, 1, 730)"
547600,"(1, 1, 1, 740)"
562500,"(1, 1, 1, 750)"
577600,"(1, 1, 1, 760)"
592900,"(1, 1, 1, 770)"
608400,"(1, 1, 1, 780)"
624100,"(1, 1, 1, 790)"
640000,"(1, 1, 1, 800)"
656100,"(1, 1, 1, 810)"
672400,"(1, 1, 1, 820)"
688900,"(1, 1, 1, 830)"
705600,"(1, 1, 1, 840)"
722500,"(1, 1, 1, 850)"
739600,"(1, 1, 1, 860)"
756900,"(1, 1, 1, 870)"
774400,"(1, 1, 1, 880)"
792100,"(1, 1, 1, 890)"
810000,"(1, 1, 1, 900)"
828100,"(1, 1, 1, 910)"
846400,"(1, 1, 1, 920)"
864900,"(1, 1, 1, 930)"
883600,"(1, 1, 1, 940)"
902500,"(1, 1, 1, 950)"
921600,"(1, 1, 1, 960)"
940900,"(1, 1, 1, 970)"
960400,"(1, 1, 1, 980)"
980100,"(1, 1, 1, 990)"
1000000,"(1, 1, 1, 1000)"
1020100,"(1, 1, 1, 1010)"
1040400,"(1, 1, 1, 1020)"
1060900,"(1, 1, 1, 1030)"
1081600,"(1, 1, 1, 1040)"
1102500,"(1, 1, 1, 1050)"
1123600,"(1, 1, 1, 1060)"
1144900,"(1, 1, 1, 1070)"
1166400,"(1, 1, 1, 1080)"
1188100,"(1, 1, 1, 1090)"
1210000,"(1, 1, 1, 1100)"
1232100,"(1, 1, 1, 1110)"
1254400,"(1, 1, 1, 1120)"
1276900,"(1, 1, 1, 1130)"
1299600,"(1, 1, 1, 1140)"
1322500,"(1, 1, 1, 1150)"
1345600,"(1, 1, 1, 1160)"
1368900,"(1, 1, 1, 1170)"
1392400,"(1, 1, 1, 1180)"
1416100,"(1, 1, 1, 1190)"
1440000,"(1, 1, 1, 1200)"
1464100,"(1, 1, 1, 1210)"
1488400,"(1, 1, 1, 1220)"
1512900,"(1, 1, 1, 1230)"
1537600,"(1, 1, 1, 1240)"
1562500,"(1, 1, 1, 1250)"
1587600,"(1, 1, 1, 1260)"
1612900,"(1, 1, 1, 1270)"
1638400,"(1, 1, 1, 1280)"
1664100,"(1, 1, 1, 1290)"
1690000,"(1, 1, 1, 1300)"
1716100,"(1, 1, 1, 1310)"
1742400,"(1, 1, 1, 1320)"
1768900,"(1, 1, 1, 1330)"
1795600,"(1, 1, 1, 1340)"
1822500,"(1, 1, 1, 1350)"
1849600,"(1, 1, 1, 1360)"
1876900,"(1, 1, 1, 1370)"
1904400,"(1, 1, 1, 1380)"
1932100,"(1, 1, 1, 1390)"
1960000,"(1, 1, 1, 1400)"
1988100,"(1, 1, 1, 1410)"
2016400,"(1, 1, 1, 1420)"
2044900,"(1, 1, 1, 1430)"
2073600,"(1, 1, 1, 1440)"
2102500,"(1, 1, 1, 1450)"
2131600,"(1, 1, 1, 1460)"
2160900,"(1, 1, 1, 1470)"
2190400,"(1, 1, 1, 1480)"
2220100,"(1, 1, 1, 1490)"
2250000,"(1, 1, 1, 1500)"
2280100,"(1, 1, 1, 1510)"
2310400,"(1, 1, 1, 1520)"
2340900,"(1, 1, 1, 1530)"
2371600,"(1, 1, 1, 1540)"
2402500,"(1, 1, 1, 1550)"
2433600,"(1, 1, 1, 1560)"
2464900,"(1, 1, 1, 1570)"
2496400,"(1, 1, 1, 1580)"
2528100,"(1, 1, 1, 1590)"
2560000,"(1, 1, 1, 1600)"
2592100,"(1, 1, 1, 1610)"
2624400,"(1, 1, 1, 1620)"
2656900,"(1, 1, 1, 1630)"
2689600,"(1, 1, 1, 1640)"
2722500,"(1, 1, 1, 1650)"
2755600,"(1, 1, 1, 1660)"
2788900,"(1, 1, 1, 1670)"
2822400,"(1, 1, 1, 1680)"
2856100,"(1, 1, 1, 1690)"
2890000,"(1, 1, 1, 1700)"
2924100,"(1, 1, 1, 1710)"
2958400,"(1, 1, 1, 1720)"
2992900,"(1, 1, 1, 1730)"
3027600,"(1, 1, 1, 1740)"
3062500,"(1, 1, 1, 1750)"
3097600,"(1, 1, 1, 1760)"
3132900,"(1, 1, 1, 1770)"
3168400,"(1, 1, 1, 1780)"
3204100,"(1, 1, 1, 1790)"
3240000,"(1, 1, 1, 1800)"
3276100,"(1, 1, 1, 1810)"
3312400,"(1, 1, 1, 1820)"
3348900,"(1, 1, 1, 1830)"
3385600,"(1, 1, 1, 1840)"
3422500,"(1, 1, 1, 1850)"
3459600,"(1, 1, 1, 1860)"
3496900,"(1, 1, 1, 1870)"
3534400,"(1, 1, 1, 1880)"
3572100,"(1, 1, 1, 1890)"
3610000,"(1, 1, 1, 1900)"
3648100,"(1, 1, 1, 1910)"
3686400,"(1, 1, 1, 1920)"
3724900,"(1, 1, 1, 1930)"
3763600,"(1, 1, 1, 1940)"
3802500,"(1, 1, 1, 1950)"
3841600,"(1, 1, 1, 1960)"
3880900,"(1, 1, 1, 1970)"
3920400,"(1, 1, 1, 1980)"
3960100,"(1, 1, 1, 1990)"
1,"(1, 1, 1, 1)"
2401,"(1, 1, 1, 49)"
2601,"(1, 1, 1, 51)"
9801,"(1, 1, 1, 99)"
10201,"(1, 1, 1, 101)"
22201,"(1, 1, 1, 149)"
22801,"(1, 1, 1, 151)"
39601,"(1, 1, 1, 199)"
40401,"(1, 1, 1, 201)"
62001,"(1, 1, 1, 249)"
63001,"(1, 1, 1, 251)"
89401,"(1, 1, 1, 299)"
90601,"(1, 1, 1, 301)"
121801,"(1, 1, 1, 349)"
123201,"(1, 1, 1, 351)"
159201,"(1, 1, 1, 399)"
160801,"(1, 1, 1, 401)"
201601,"(1, 1, 1, 449)"
203401,"(1, 1, 1, 451)"
249001,"(1, 1, 1, 499)"
251001,"(1, 1, 1, 501)"
301401,"(1, 1, 1, 549)"
303601,"(1, 1, 1, 551)"
358801,"(1, 1, 1, 599)"
361201,"(1, 1, 1, 601)"
421201,"(1, 1, 1, 649)"
423801,"(1, 1, 1, 651)"
488601,"(1, 1, 1, 699)"
491401,"(1, 1, 1, 701)"
561001,"(1, 1, 1, 749)"
564001,"(1, 1, 1, 751)"
638401,"(1, 1, 1, 799)"
641601,"(1, 1, 1, 801)"
720801,"(1, 1, 1, 849)"
724201,"(1, 1, 1, 851)"
808201,"(1, 1, 1, 899)"
811801,"(1, 1, 1, 901)"
900601,"(1, 1, 1, 949)"
904401,"(1, 1, 1, 951)"
998001,"(1, 1, 1, 999)"
1002001,"(1, 1, 1, 1001)"
1100401,"(1, 1, 1, 1049)"
1104601,"(1, 1, 1, 1051)"
1207801,"(1, 1, 1, 1099)"
1212201,"(1, 1, 1, 1101)"
1320201,"(1, 1, 1, 1149)"
1324801,"(1, 1, 1, 1151)"
1437601,"(1, 1, 1, 1199)"
1442401,"(1, 1, 1, 1201)"
1560001,"(1, 1, 1, 1249)"
1565001,"(1, 1, 1, 1251)"
1687401,"(1, 1, 1, 1299)"
1692601,"(1, 1, 1, 1301)"
1819801,"(1, 1, 1, 1349)"
1825201,"(1, 1, 1, 1351)"
1957201,"(1, 1, 1, 1399)"
1962801,"(1, 1, 1, 1401)"
2099601,"(1, 1, 1, 1449)"
2105401,"(1, 1, 1, 1451)"
2247001,"(1, 1, 1, 1499)"
2253001,"(1, 1, 1, 1501)"
2399401,"(1, 1, 1, 1549)"
2405601,"(1, 1, 1, 1551)"
2556801,"(1, 1, 1, 1599)"
2563201,"(1, 1, 1, 1601)"
2719201,"(1, 1, 1, 1649)"
2725801,"(1, 1, 1, 1651)"
2886601,"(1, 1, 1, 1699)"
2893401,"(1, 1, 1, 1701)"
3059001,"(1, 1, 1, 1749)"
3066001,"(1, 1, 1, 1751)"
3236401,"(1, 1, 1, 1799)"
3243601,"(1, 1, 1, 1801)"
3418801,"(1, 1, 1, 1849)"
3426201,"(1, 1, 1, 1851)"
3606201,"(1, 1, 1, 1899)"
3613801,"(1, 1, 1, 1901)"
3798601,"(1, 1, 1, 1949)"
3806401,"(1, 1, 1, 1951)"
3996001,"(1, 1, 1, 1999)"
4,"(1, 1, 1, 2)"
2304,"(1, 1, 1, 48)"
2704,"(1, 1, 1, 52)"
9604,"(1, 1, 1, 98)"
10404,"(1, 1, 1, 102)"
21904,"(1, 1, 1, 148)"
23104,"(1, 1, 1, 152)"
39204,"(1, 1, 1, 198)"
40804,"(1, 1, 1, 202)"
61504,"(1, 1, 1, 248)"
63504,"(1, 1, 1, 252)"
88804,"(1, 1, 1, 298)"
91204,"(1, 1, 1, 302)"
121104,"(1, 1, 1, 348)"
123904,"(1, 1, 1, 352)"
158404,"(1, 1, 1, 398)"
161604,"(1, 1, 1, 402)"
200704,"(1, 1, 1, 448)"
204304,"(1, 1, 1, 452)"
248004,"(1, 1, 1, 498)"
252004,"(1, 1, 1, 502)"
300304,"(1, 1, 1, 548)"
304704,"(1, 1, 1, 552)"
357604,"(1, 1, 1, 598)"
362404,"(1, 1, 1, 602)"
419904,"(1, 1, 1, 648)"
425104,"(1, 1, 1, 652)"
487204,"(1, 1, 1, 698)"
492804,"(1, 1, 1, 702)"
559504,"(1, 1, 1, 748)"
565504,"(1, 1, 1, 752)"
636804,"(1, 1, 1, 798)"
643204,"(1, 1, 1, 802)"
719104,"(1, 1, 1, 848)"
725904,"(1, 1, 1, 852)"
806404,"(1, 1, 1, 898)"
813604,"(1, 1, 1, 902)"
898704,"(1, 1, 1, 948)"
906304,"(1, 1, 1, 952)"
996004,"(1, 1, 1, 998)"
1004004,"(1, 1, 1, 1002)"
1098304,"(1, 1, 1, 1048)"
1106704,"(1, 1, 1, 1052)"
1205604,"(1, 1, 1, 1098)"
1214404,"(1, 1, 1, 1102)"
1317904,"(1, 1, 1, 1148)"
1327104,"(1, 1, 1, 1152)"
1435204,"(1, 1, 1, 1198)"
1444804,"(1, 1, 1, 1202)"
1557504,"(1, 1, 1, 1248)"
1567504,"(1, 1, 1, 1252)"
1684804,"(1, 1, 1, 1298)"
1695204,"(1, 1, 1, 1302)"
1817104,"(1, 1, 1, 1348)"
1827904,"(1, 1, 1, 1352)"
1954404,"(1, 1, 1, 1398)"
1965604,"(1, 1, 1, 1402)"
2096704,"(1, 1, 1, 1448)"
2108304,"(1, 1, 1, 1452)"
2244004,"(1, 1, 1, 1498)"
2256004,"(1, 1, 1, 1502)"
2396304,"(1, 1, 1, 1548)"
2408704,"(1, 1, 1, 1552)"
2553604,"(1, 1, 1, 1598)"
2566404,"(1, 1, 1, 1602)"
2715904,"(1, 1, 1, 1648)"
2729104,"(1, 1, 1, 1652)"
2883204,"(1, 1, 1, 1698)"
2896804,"(1, 1, 1, 1702)"
3055504,"(1, 1, 1, 1748)"
3069504,"(1, 1, 1, 1752)"
3232804,"(1, 1, 1, 1798)"
3247204,"(1, 1, 1, 1802)"
3415104,"(1, 1, 1, 1848)"
3429904,"(1, 1, 1, 1852)"
3602404,"(1, 1, 1, 1898)"
3617604,"(1, 1, 1, 1902)"
3794704,"(1, 1, 1, 1948)"
3810304,"(1, 1, 1, 1952)"
3992004,"(1, 1, 1, 1998)"
9,"(1, 1, 1, 3)"
2209,"(1, 1, 1, 47)"
2809,"(1, 1, 1, 53)"
9409,"(1, 1, 1, 97)"
10609,"(1, 1, 1, 103)"
21609,"(1, 1, 1, 147)"
23409,"(1, 1, 1, 153)"
38809,"(1, 1, 1, 197)"
41209,"(1, 1, 1, 203)"
61009,"(1, 1, 1, 247)"
64009,"(1, 1, 1, 253)"
88209,"(1, 1, 1, 297)"
91809,"(1, 1, 1, 303)"
120409,"(1, 1, 1, 347)"
124609,"(1, 1, 1, 353)"
157609,"(1, 1, 1, 397)"
162409,"(1, 1, 1, 403)"
199809,"(1, 1, 1, 447)"
205209,"(1, 1, 1, 453)"
247009,"(1, 1, 1, 497)"
253009,"(1, 1, 1, 503)"
299209,"(1, 1, 1, 547)"
305809,"(1, 1, 1, 553)"
356409,"(1, 1, 1, 597)"
363609,"(1, 1, 1, 603)"
418609,"(1, 1, 1, 647)"
426409,"(1, 1, 1, 653)"
485809,"(1, 1, 1, 697)"
494209,"(1, 1, 1, 703)"
558009,"(1, 1, 1, 747)"
567009,"(1, 1, 1, 753)"
635209,"(1, 1, 1, 797)"
644809,"(1, 1, 1, 803)"
717409,"(1, 1, 1, 847)"
727609,"(1, 1, 1, 853)"
804609,"(1, 1, 1, 897)"
815409,"(1, 1, 1, 903)"
896809,"(1, 1, 1, 947)"
908209,"(1, 1, 1, 953)"
994009,"(1, 1, 1, 997)"
1006009,"(1, 1, 1, 1003)"
1096209,"(1, 1, 1, 1047)"
1108809,"(1, 1, 1, 1053)"
1203409,"(1, 1, 1, 1097)"
1216609,"(1, 1, 1, 1103)"
1315609,"(1, 1, 1, 1147)"
1329409,"(1, 1, 1, 1153)"
1432809,"(1, 1, 1, 1197)"
1447209,"(1, 1, 1, 1203)"
1555009,"(1, 1, 1, 1247)"
1570009,"(1, 1, 1, 1253)"
1682209,"(1, 1, 1, 1297)"
1697809,"(1, 1, 1, 1303)"
1814409,"(1, 1, 1, 1347)"
1830609,"(1, 1, 1, 1353)"
1951609,"(1, 1, 1, 1397)"
1968409,"(1, 1, 1, 1403)"
2093809,"(1, 1, 1, 1447)"
2111209,"(1, 1, 1, 1453)"
2241009,"(1, 1, 1, 1497)"
2259009,"(1, 1, 1, 1503)"
2393209,"(1, 1, 1, 1547)"
2411809,"(1, 1, 1, 1553)"
2550409,"(1, 1, 1, 1597)"
2569609,"(1, 1, 1, 1603)"
2712609,"(1, 1, 1, 1647)"
2732409,"(1, 1, 1, 1653)"
2879809,"(1, 1, 1, 1697)"
2900209,"(1, 1, 1, 1703)"
3052009,"(1, 1, 1, 1747)"
3073009,"(1, 1, 1, 1753)"
3229209,"(1, 1, 1, 1797)"
3250809,"(1, 1, 1, 1803)"
3411409,"(1, 1, 1, 1847)"
3433609,"(1, 1, 1, 1853)"
3598609,"(1, 1, 1, 1897)"
3621409,"(1, 1, 1, 1903)"
3790809,"(1, 1, 1, 1947)"
3814209,"(1, 1, 1, 1953)"
3988009,"(1, 1, 1, 1997)"
16,"(1, 1, 1, 4)"
2116,"(1, 1, 1, 46)"
2916,"(1, 1, 1, 54)"
9216,"(1, 1, 1, 96)"
10816,"(1, 1, 1, 104)"
21316,"(1, 1, 1, 146)"
23716,"(1, 1, 1, 154)"
38416,"(1, 1, 1, 196)"
41616,"(1, 1, 1, 204)"
60516,"(1, 1, 1, 246)"
64516,"(1, 1, 1, 254)"
87616,"(1, 1, 1, 296)"
92416,"(1, 1, 1, 304)"
119716,"(1, 1, 1, 346)"
125316,"(1, 1, 1, 354)"
156816,"(1, 1, 1, 396)"
163216,"(1, 1, 1, 404)"
198916,"(1, 1, 1, 446)"
206116,"(1, 1, 1, 454)"
246016,"(1, 1, 1, 496)"
254016,"(1, 1, 1, 504)"
298116,"(1, 1, 1, 546)"
306916,"(1, 1, 1, 554)"
355216,"(1, 1, 1, 596)"
364816,"(1, 1, 1, 604)"
417316,"(1, 1, 1, 646)"
427716,"(1, 1, 1, 654)"
484416,"(1, 1, 1, 696)"
495616,"(1, 1, 1, 704)"
556516,"(1, 1, 1, 746)"
568516,"(1, 1, 1, 754)"
633616,"(1, 1, 1, 796)"
646416,"(1, 1, 1, 804)"
715716,"(1, 1, 1, 846)"
729316,"(1, 1, 1, 854)"
802816,"(1, 1, 1, 896)"
817216,"(1, 1, 1, 904)"
894916,"(1, 1, 1, 946)"
910116,"(1, 1, 1, 954)"
992016,"(1, 1, 1, 996)"
1008016,"(1, 1, 1, 1004)"
1094116,"(1, 1, 1, 1046)"
1110916,"(1, 1, 1, 1054)"
1201216,"(1, 1, 1, 1096)"
1218816,"(1, 1, 1, 1104)"
1313316,"(1, 1, 1, 1146)"
1331716,"(1, 1, 1, 1154)"
1430416,"(1, 1, 1, 1196)"
1449616,"(1, 1, 1, 1204)"
1552516,"(1, 1, 1, 1246)"
1572516,"(1, 1, 1, 1254)"
1679616,"(1, 1, 1, 1296)"
1700416,"(1, 1, 1, 1304)"
1811716,"(1, 1, 1, 1346)"
1833316,"(1, 1, 1, 1354)"
1948816,"(1, 1, 1, 1396)"
1971216,"(1, 1, 1, 1404)"
2090916,"(1, 1, 1, 1446)"
2114116,"(1, 1, 1, 1454)"
2238016,"(1, 1, 1, 1496)"
2262016,"(1, 1, 1, 1504)"
2390116,"(1, 1, 1, 1546)"
2414916,"(1, 1, 1, 1554)"
2547216,"(1, 1, 1, 1596)"
2572816,"(1, 1, 1, 1604)"
2709316,"(1, 1, 1, 1646)"
2735716,"(1, 1, 1, 1654)"
2876416,"(1, 1, 1, 1696)"
2903616,"(1, 1, 1, 1704)"
3048516,"(1, 1, 1, 1746)"
3076516,"(1, 1, 1, 1754)"
3225616,"(1, 1, 1, 1796)"
3254416,"(1, 1, 1, 1804)"
3407716,"(1, 1, 1, 1846)"
3437316,"(1, 1, 1, 1854)"
3594816,"(1, 1, 1, 1896)"
3625216,"(1, 1, 1, 1904)"
3786916,"(1, 1, 1, 1946)"
3818116,"(1, 1, 1, 1954)"
3984016,"(1, 1, 1, 1996)"
121,"(1, 1, 1, 11)"
1521,"(1, 1, 1, 39)"
3721,"(1, 1, 1, 61)"
7921,"(1, 1, 1, 89)"
12321,"(1, 1, 1, 111)"
19321,"(1, 1, 1, 139)"
25921,"(1, 1, 1, 161)"
35721,"(1, 1, 1, 189)"
44521,"(1, 1, 1, 211)"
57121,"(1, 1, 1, 239)"
68121,"(1, 1, 1, 261)"
83521,"(1, 1, 1, 289)"
96721,"(1, 1, 1, 311)"
114921,"(1, 1, 1, 339)"
130321,"(1, 1, 1, 361)"
151321,"(1, 1, 1, 389)"
168921,"(1, 1, 1, 411)"
192721,"(1, 1, 1, 439)"
212521,"(1, 1, 1, 461)"
239121,"(1, 1, 1, 489)"
261121,"(1, 1, 1, 511)"
290521,"(1, 1, 1, 539)"
314721,"(1, 1, 1, 561)"
346921,"(1, 1, 1, 589)"
373321,"(1, 1, 1, 611)"
408321,"(1, 1, 1, 639)"
436921,"(1, 1, 1, 661)"
474721,"(1, 1, 1, 689)"
505521,"(1, 1, 1, 711)"
546121,"(1, 1, 1, 739)"
579121,"(1, 1, 1, 761)"
622521,"(1, 1, 1, 789)"
657721,"(1, 1, 1, 811)"
703921,"(1, 1, 1, 839)"
741321,"(1, 1, 1, 861)"
790321,"(1, 1, 1, 889)"
829921,"(1, 1, 1, 911)"
881721,"(1, 1, 1, 939)"
923521,"(1, 1, 1, 961)"
978121,"(1, 1, 1, 989)"
1022121,"(1, 1, 1, 1011)"
1079521,"(1, 1, 1, 1039)"
1125721,"(1, 1, 1, 1061)"
1185921,"(1, 1, 1, 1089)"
1234321,"(1, 1, 1, 1111)"
1297321,"(1, 1, 1, 1139)"
1347921,"(1, 1, 1, 1161)"
1413721,"(1, 1, 1, 1189)"
1466521,"(1, 1, 1, 1211)"
1535121,"(1, 1, 1, 1239)"
1590121,"(1, 1, 1, 1261)"
1661521,"(1, 1, 1, 1289)"
1718721,"(1, 1, 1, 1311)"
1792921,"(1, 1, 1, 1339)"
1852321,"(1, 1, 1, 1361)"
1929321,"(1, 1, 1, 1389)"
1990921,"(1, 1, 1, 1411)"
2070721,"(1, 1, 1, 1439)"
2134521,"(1, 1, 1, 1461)"
2217121,"(1, 1, 1, 1489)"
2283121,"(1, 1, 1, 1511)"
2368521,"(1, 1, 1, 1539)"
2436721,"(1, 1, 1, 1561)"
2524921,"(1, 1, 1, 1589)"
2595321,"(1, 1, 1, 1611)"
2686321,"(1, 1, 1, 1639)"
2758921,"(1, 1, 1, 1661)"
2852721,"(1, 1, 1, 1689)"
2927521,"(1, 1, 1, 1711)"
3024121,"(1, 1, 1, 1739)"
3101121,"(1, 1, 1, 1761)"
3200521,"(1, 1, 1, 1789)"
3279721,"(1, 1, 1, 1811)"
3381921,"(1, 1, 1, 1839)"
3463321,"(1, 1, 1, 1861)"
3568321,"(1, 1, 1, 1889)"
3651921,"(1, 1, 1, 1911)"
3759721,"(1, 1, 1, 1939)"
3845521,"(1, 1, 1, 1961)"
3956121,"(1, 1, 1, 1989)"
324,"(1, 1, 1, 18)"
1024,"(1, 1, 1, 32)"
4624,"(1, 1, 1, 68)"
6724,"(1, 1, 1, 82)"
13924,"(1, 1, 1, 118)"
17424,"(1, 1, 1, 132)"
28224,"(1, 1, 1, 168)"
33124,"(1, 1, 1, 182)"
47524,"(1, 1, 1, 218)"
53824,"(1, 1, 1, 232)"
71824,"(1, 1, 1, 268)"
79524,"(1, 1, 1, 282)"
101124,"(1, 1, 1, 318)"
110224,"(1, 1, 1, 332)"
135424,"(1, 1, 1, 368)"
145924,"(1, 1, 1, 382)"
174724,"(1, 1, 1, 418)"
186624,"(1, 1, 1, 432)"
219024,"(1, 1, 1, 468)"
232324,"(1, 1, 1, 482)"
268324,"(1, 1, 1, 518)"
283024,"(1, 1, 1, 532)"
322624,"(1, 1, 1, 568)"
338724,"(1, 1, 1, 582)"
381924,"(1, 1, 1, 618)"
399424,"(1, 1, 1, 632)"
446224,"(1, 1, 1, 668)"
465124,"(1, 1, 1, 682)"
515524,"(1, 1, 1, 718)"
535824,"(1, 1, 1, 732)"
589824,"(1, 1, 1, 768)"
611524,"(1, 1, 1, 782)"
669124,"(1, 1, 1, 818)"
692224,"(1, 1, 1, 832)"
753424,"(1, 1, 1, 868)"
777924,"(1, 1, 1, 882)"
842724,"(1, 1, 1, 918)"
868624,"(1, 1, 1, 932)"
937024,"(1, 1, 1, 968)"
964324,"(1, 1, 1, 982)"
1036324,"(1, 1, 1, 1018)"
1065024,"(1, 1, 1, 1032)"
1140624,"(1, 1, 1, 1068)"
1170724,"(1, 1, 1, 1082)"
1249924,"(1, 1, 1, 1118)"
1281424,"(1, 1, 1, 1132)"
1364224,"(1, 1, 1, 1168)"
1397124,"(1, 1, 1, 1182)"
1483524,"(1, 1, 1, 1218)"
1517824,"(1, 1, 1, 1232)"
1607824,"(1, 1, 1, 1268)"
1643524,"(1, 1, 1, 1282)"
1737124,"(1, 1, 1, 1318)"
1774224,"(1, 1, 1, 1332)"
1871424,"(1, 1, 1, 1368)"
1909924,"(1, 1, 1, 1382)"
2010724,"(1, 1, 1, 1418)"
2050624,"(1, 1, 1, 1432)"
2155024,"(1, 1, 1, 1468)"
2196324,"(1, 1, 1, 1482)"
2304324,"(1, 1, 1, 1518)"
2347024,"(1, 1, 1, 1532)"
2458624,"(1, 1, 1, 1568)"
2502724,"(1, 1, 1, 1582)"
2617924,"(1, 1, 1, 1618)"
2663424,"(1, 1, 1, 1632)"
2782224,"(1, 1, 1, 1668)"
2829124,"(1, 1, 1, 1682)"
2951524,"(1, 1, 1, 1718)"
2999824,"(1, 1, 1, 1732)"
3125824,"(1, 1, 1, 1768)"
3175524,"(1, 1, 1, 1782)"
3305124,"(1, 1, 1, 1818)"
3356224,"(1, 1, 1, 1832)"
3489424,"(1, 1, 1, 1868)"
3541924,"(1, 1, 1, 1882)"
3678724,"(1, 1, 1, 1918)"
3732624,"(1, 1, 1, 1932)"
3873024,"(1, 1, 1, 1968)"
3928324,"(1, 1, 1, 1982)"
25,"(1, 1, 1, 5)"
225,"(1, 1, 1, 15)"
625,"(1, 1, 1, 25)"
1225,"(1, 1, 1, 35)"
2025,"(1, 1, 1, 45)"
3025,"(1, 1, 1, 55)"
4225,"(1, 1, 1, 65)"
5625,"(1, 1, 1, 75)"
7225,"(1, 1, 1, 85)"
9025,"(1, 1, 1, 95)"
11025,"(1, 1, 1, 105)"
13225,"(1, 1, 1, 115)"
15625,"(1, 1, 1, 125)"
18225,"(1, 1, 1, 135)"
21025,"(1, 1, 1, 145)"
24025,"(1, 1, 1, 155)"
27225,"(1, 1, 1, 165)"
30625,"(1, 1, 1, 175)"
34225,"(1, 1, 1, 185)"
38025,"(1, 1, 1, 195)"
42025,"(1, 1, 1, 205)"
46225,"(1, 1, 1, 215)"
50625,"(1, 1, 1, 225)"
55225,"(1, 1, 1, 235)"
60025,"(1, 1, 1, 245)"
65025,"(1, 1, 1, 255)"
70225,"(1, 1, 1, 265)"
75625,"(1, 1, 1, 275)"
81225,"(1, 1, 1, 285)"
87025,"(1, 1, 1, 295)"
93025,"(1, 1, 1, 305)"
99225,"(1, 1, 1, 315)"
105625,"(1, 1, 1, 325)"
112225,"(1, 1, 1, 335)"
119025,"(1, 1, 1, 345)"
126025,"(1, 1, 1, 355)"
133225,"(1, 1, 1, 365)"
140625,"(1, 1, 1, 375)"
148225,"(1, 1, 1, 385)"
156025,"(1, 1, 1, 395)"
164025,"(1, 1, 1, 405)"
172225,"(1, 1, 1, 415)"
180625,"(1, 1, 1, 425)"
189225,"(1, 1, 1, 435)"
198025,"(1, 1, 1, 445)"
207025,"(1, 1, 1, 455)"
216225,"(1, 1, 1, 465)"
225625,"(1, 1, 1, 475)"
235225,"(1, 1, 1, 485)"
245025,"(1, 1, 1, 495)"
255025,"(1, 1, 1, 505)"
265225,"(1, 1, 1, 515)"
275625,"(1, 1, 1, 525)"
286225,"(1, 1, 1, 535)"
297025,"(1, 1, 1, 545)"
308025,"(1, 1, 1, 555)"
319225,"(1, 1, 1, 565)"
330625,"(1, 1, 1, 575)"
342225,"(1, 1, 1, 585)"
354025,"(1, 1, 1, 595)"
366025,"(1, 1, 1, 605)"
378225,"(1, 1, 1, 615)"
390625,"(1, 1, 1, 625)"
403225,"(1, 1, 1, 635)"
416025,"(1, 1, 1, 645)"
429025,"(1, 1, 1, 655)"
442225,"(1, 1, 1, 665)"
455625,"(1, 1, 1, 675)"
469225,"(1, 1, 1, 685)"
483025,"(1, 1, 1, 695)"
497025,"(1, 1, 1, 705)"
511225,"(1, 1, 1, 715)"
525625,"(1, 1, 1, 725)"
540225,"(1, 1, 1, 735)"
555025,"(1, 1, 1, 745)"
570025,"(1, 1, 1, 755)"
585225,"(1, 1, 1, 765)"
600625,"(1, 1, 1, 775)"
616225,"(1, 1, 1, 785)"
632025,"(1, 1, 1, 795)"
648025,"(1, 1, 1, 805)"
664225,"(1, 1, 1, 815)"
680625,"(1, 1, 1, 825)"
697225,"(1, 1, 1, 835)"
714025,"(1, 1, 1, 845)"
731025,"(1, 1, 1, 855)"
748225,"(1, 1, 1, 865)"
765625,"(1, 1, 1, 875)"
783225,"(1, 1, 1, 885)"
801025,"(1, 1, 1, 895)"
819025,"(1, 1, 1, 905)"
837225,"(1, 1, 1, 915)"
855625,"(1, 1, 1, 925)"
874225,"(1, 1, 1, 935)"
893025,"(1, 1, 1, 945)"
912025,"(1, 1, 1, 955)"
931225,"(1, 1, 1, 965)"
950625,"(1, 1, 1, 975)"
970225,"(1, 1, 1, 985)"
990025,"(1, 1, 1, 995)"
1010025,"(1, 1, 1, 1005)"
1030225,"(1, 1, 1, 1015)"
1050625,"(1, 1, 1, 1025)"
1071225,"(1, 1, 1, 1035)"
1092025,"(1, 1, 1, 1045)"
1113025,"(1, 1, 1, 1055)"
1134225,"(1, 1, 1, 1065)"
1155625,"(1, 1, 1, 1075)"
1177225,"(1, 1, 1, 1085)"
1199025,"(1, 1, 1, 1095)"
1221025,"(1, 1, 1, 1105)"
1243225,"(1, 1, 1, 1115)"
1265625,"(1, 1, 1, 1125)"
1288225,"(1, 1, 1, 1135)"
1311025,"(1, 1, 1, 1145)"
1334025,"(1, 1, 1, 1155)"
1357225,"(1, 1, 1, 1165)"
1380625,"(1, 1, 1, 1175)"
1404225,"(1, 1, 1, 1185)"
1428025,"(1, 1, 1, 1195)"
1452025,"(1, 1, 1, 1205)"
1476225,"(1, 1, 1, 1215)"
1500625,"(1, 1, 1, 1225)"
1525225,"(1, 1, 1, 1235)"
1550025,"(1, 1, 1, 1245)"
1575025,"(1, 1, 1, 1255)"
1600225,"(1, 1, 1, 1265)"
1625625,"(1, 1, 1, 1275)"
1651225,"(1, 1, 1, 1285)"
1677025,"(1, 1, 1, 1295)"
1703025,"(1, 1, 1, 1305)"
1729225,"(1, 1, 1, 1315)"
1755625,"(1, 1, 1, 1325)"
1782225,"(1, 1, 1, 1335)"
1809025,"(1, 1, 1, 1345)"
1836025,"(1, 1, 1, 1355)"
1863225,"(1, 1, 1, 1365)"
1890625,"(1, 1, 1, 1375)"
1918225,"(1, 1, 1, 1385)"
1946025,"(1, 1, 1, 1395)"
1974025,"(1, 1, 1, 1405)"
2002225,"(1, 1, 1, 1415)"
2030625,"(1, 1, 1, 1425)"
2059225,"(1, 1, 1, 1435)"
2088025,"(1, 1, 1, 1445)"
2117025,"(1, 1, 1, 1455)"
2146225,"(1, 1, 1, 1465)"
2175625,"(1, 1, 1, 1475)"
2205225,"(1, 1, 1, 1485)"
2235025,"(1, 1, 1, 1495)"
2265025,"(1, 1, 1, 1505)"
2295225,"(1, 1, 1, 1515)"
2325625,"(1, 1, 1, 1525)"
2356225,"(1, 1, 1, 1535)"
2387025,"(1, 1, 1, 1545)"
2418025,"(1, 1, 1, 1555)"
2449225,"(1, 1, 1, 1565)"
2480625,"(1, 1, 1, 1575)"
2512225,"(1, 1, 1, 1585)"
2544025,"(1, 1, 1, 1595)"
2576025,"(1, 1, 1, 1605)"
2608225,"(1, 1, 1, 1615)"
2640625,"(1, 1, 1, 1625)"
2673225,"(1, 1, 1, 1635)"
2706025,"(1, 1, 1, 1645)"
2739025,"(1, 1, 1, 1655)"
2772225,"(1, 1, 1, 1665)"
2805625,"(1, 1, 1, 1675)"
2839225,"(1, 1, 1, 1685)"
2873025,"(1, 1, 1, 1695)"
2907025,"(1, 1, 1, 1705)"
2941225,"(1, 1, 1, 1715)"
2975625,"(1, 1, 1, 1725)"
3010225,"(1, 1, 1, 1735)"
3045025,"(1, 1, 1, 1745)"
3080025,"(1, 1, 1, 1755)"
3115225,"(1, 1, 1, 1765)"
3150625,"(1, 1, 1, 1775)"
3186225,"(1, 1, 1, 1785)"
3222025,"(1, 1, 1, 1795)"
3258025,"(1, 1, 1, 1805)"
3294225,"(1, 1, 1, 1815)"
3330625,"(1, 1, 1, 1825)"
3367225,"(1, 1, 1, 1835)"
3404025,"(1, 1, 1, 1845)"
3441025,"(1, 1, 1, 1855)"
3478225,"(1, 1, 1, 1865)"
3515625,"(1, 1, 1, 1875)"
3553225,"(1, 1, 1, 1885)"
3591025,"(1, 1, 1, 1895)"
3629025,"(1, 1, 1, 1905)"
3667225,"(1, 1, 1, 1915)"
3705625,"(1, 1, 1, 1925)"
3744225,"(1, 1, 1, 1935)"
3783025,"(1, 1, 1, 1945)"
3822025,"(1, 1, 1, 1955)"
3861225,"(1, 1, 1, 1965)"
3900625,"(1, 1, 1, 1975)"
3940225,"(1, 1, 1, 1985)"
3980025,"(1, 1, 1, 1995)"
529,"(1, 1, 1, 23)"
729,"(1, 1, 1, 27)"
5329,"(1, 1, 1, 73)"
5929,"(1, 1, 1, 77)"
15129,"(1, 1, 1, 123)"
16129,"(1, 1, 1, 127)"
29929,"(1, 1, 1, 173)"
31329,"(1, 1, 1, 177)"
49729,"(1, 1, 1, 223)"
51529,"(1, 1, 1, 227)"
74529,"(1, 1, 1, 273)"
76729,"(1, 1, 1, 277)"
104329,"(1, 1, 1, 323)"
106929,"(1, 1, 1, 327)"
139129,"(1, 1, 1, 373)"
142129,"(1, 1, 1, 377)"
178929,"(1, 1, 1, 423)"
182329,"(1, 1, 1, 427)"
223729,"(1, 1, 1, 473)"
227529,"(1, 1, 1, 477)"
273529,"(1, 1, 1, 523)"
277729,"(1, 1, 1, 527)"
328329,"(1, 1, 1, 573)"
332929,"(1, 1, 1, 577)"
388129,"(1, 1, 1, 623)"
393129,"(1, 1, 1, 627)"
452929,"(1, 1, 1, 673)"
458329,"(1, 1, 1, 677)"
522729,"(1, 1, 1, 723)"
528529,"(1, 1, 1, 727)"
597529,"(1, 1, 1, 773)"
603729,"(1, 1, 1, 777)"
677329,"(1, 1, 1, 823)"
683929,"(1, 1, 1, 827)"
762129,"(1, 1, 1, 873)"
769129,"(1, 1, 1, 877)"
851929,"(1, 1, 1, 923)"
859329,"(1, 1, 1, 927)"
946729,"(1, 1, 1, 973)"
954529,"(1, 1, 1, 977)"
1046529,"(1, 1, 1, 1023)"
1054729,"(1, 1, 1, 1027)"
1151329,"(1, 1, 1, 1073)"
1159929,"(1, 1, 1, 1077)"
1261129,"(1, 1, 1, 1123)"
1270129,"(1, 1, 1, 1127)"
1375929,"(1, 1, 1, 1173)"
1385329,"(1, 1, 1, 1177)"
1495729,"(1, 1, 1, 1223)"
1505529,"(1, 1, 1, 1227)"
1620529,"(1, 1, 1, 1273)"
1630729,"(1, 1, 1, 1277)"
1750329,"(1, 1, 1, 1323)"
1760929,"(1, 1, 1, 1327)"
1885129,"(1, 1, 1, 1373)"
1896129,"(1, 1, 1, 1377)"
2024929,"(1, 1, 1, 1423)"
2036329,"(1, 1, 1, 1427)"
2169729,"(1, 1, 1, 1473)"
2181529,"(1, 1, 1, 1477)"
2319529,"(1, 1, 1, 1523)"
2331729,"(1, 1, 1, 1527)"
2474329,"(1, 1, 1, 1573)"
2486929,"(1, 1, 1, 1577)"
2634129,"(1, 1, 1, 1623)"
2647129,"(1, 1, 1, 1627)"
2798929,"(1, 1, 1, 1673)"
2812329,"(1, 1, 1, 1677)"
2968729,"(1, 1, 1, 1723)"
2982529,"(1, 1, 1, 1727)"
3143529,"(1, 1, 1, 1773)"
3157729,"(1, 1, 1, 1777)"
3323329,"(1, 1, 1, 1823)"
3337929,"(1, 1, 1, 1827)"
3508129,"(1, 1, 1, 1873)"
3523129,"(1, 1, 1, 1877)"
3697929,"(1, 1, 1, 1923)"
3713329,"(1, 1, 1, 1927)"
3892729,"(1, 1, 1, 1973)"
3908529,"(1, 1, 1, 1977)"
36,"(1, 1, 1, 6)"
1936,"(1, 1, 1, 44)"
3136,"(1, 1, 1, 56)"
8836,"(1, 1, 1, 94)"
11236,"(1, 1, 1, 106)"
20736,"(1, 1, 1, 144)"
24336,"(1, 1, 1, 156)"
37636,"(1, 1, 1, 194)"
42436,"(1, 1, 1, 206)"
59536,"(1, 1, 1, 244)"
65536,"(1, 1, 1, 256)"
86436,"(1, 1, 1, 294)"
93636,"(1, 1, 1, 306)"
118336,"(1, 1, 1, 344)"
126736,"(1, 1, 1, 356)"
155236,"(1, 1, 1, 394)"
164836,"(1, 1, 1, 406)"
197136,"(1, 1, 1, 444)"
207936,"(1, 1, 1, 456)"
244036,"(1, 1, 1, 494)"
256036,"(1, 1, 1, 506)"
295936,"(1, 1, 1, 544)"
309136,"(1, 1, 1, 556)"
352836,"(1, 1, 1, 594)"
367236,"(1, 1, 1, 606)"
414736,"(1, 1, 1, 644)"
430336,"(1, 1, 1, 656)"
481636,"(1, 1, 1, 694)"
498436,"(1, 1, 1, 706)"
553536,"(1, 1, 1, 744)"
571536,"(1, 1, 1, 756)"
630436,"(1, 1, 1, 794)"
649636,"(1, 1, 1, 806)"
712336,"(1, 1, 1, 844)"
732736,"(1, 1, 1, 856)"
799236,"(1, 1, 1, 894)"
820836,"(1, 1, 1, 906)"
891136,"(1, 1, 1, 944)"
913936,"(1, 1, 1, 956)"
988036,"(1, 1, 1, 994)"
1012036,"(1, 1, 1, 1006)"
1089936,"(1, 1, 1, 1044)"
1115136,"(1, 1, 1, 1056)"
1196836,"(1, 1, 1, 1094)"
1223236,"(1, 1, 1, 1106)"
1308736,"(1, 1, 1, 1144)"
1336336,"(1, 1, 1, 1156)"
1425636,"(1, 1, 1, 1194)"
1454436,"(1, 1, 1, 1206)"
1547536,"(1, 1, 1, 1244)"
1577536,"(1, 1, 1, 1256)"
1674436,"(1, 1, 1, 1294)"
1705636,"(1, 1, 1, 1306)"
1806336,"(1, 1, 1, 1344)"
1838736,"(1, 1, 1, 1356)"
1943236,"(1, 1, 1, 1394)"
1976836,"(1, 1, 1, 1406)"
2085136,"(1, 1, 1, 1444)"
2119936,"(1, 1, 1, 1456)"
2232036,"(1, 1, 1, 1494)"
2268036,"(1, 1, 1, 1506)"
2383936,"(1, 1, 1, 1544)"
2421136,"(1, 1, 1, 1556)"
2540836,"(1, 1, 1, 1594)"
2579236,"(1, 1, 1, 1606)"
2702736,"(1, 1, 1, 1644)"
2742336,"(1, 1, 1, 1656)"
2869636,"(1, 1, 1, 1694)"
2910436,"(1, 1, 1, 1706)"
3041536,"(1, 1, 1, 1744)"
3083536,"(1, 1, 1, 1756)"
3218436,"(1, 1, 1, 1794)"
3261636,"(1, 1, 1, 1806)"
3400336,"(1, 1, 1, 1844)"
3444736,"(1, 1, 1, 1856)"
3587236,"(1, 1, 1, 1894)"
3632836,"(1, 1, 1, 1906)"
3779136,"(1, 1, 1, 1944)"
3825936,"(1, 1, 1, 1956)"
3976036,"(1, 1, 1, 1994)"
441,"(1, 1, 1, 21)"
841,"(1, 1, 1, 29)"
5041,"(1, 1, 1, 71)"
6241,"(1, 1, 1, 79)"
14641,"(1, 1, 1, 121)"
16641,"(1, 1, 1, 129)"
29241,"(1, 1, 1, 171)"
32041,"(1, 1, 1, 179)"
48841,"(1, 1, 1, 221)"
52441,"(1, 1, 1, 229)"
73441,"(1, 1, 1, 271)"
77841,"(1, 1, 1, 279)"
103041,"(1, 1, 1, 321)"
108241,"(1, 1, 1, 329)"
137641,"(1, 1, 1, 371)"
143641,"(1, 1, 1, 379)"
177241,"(1, 1, 1, 421)"
184041,"(1, 1, 1, 429)"
221841,"(1, 1, 1, 471)"
229441,"(1, 1, 1, 479)"
271441,"(1, 1, 1, 521)"
279841,"(1, 1, 1, 529)"
326041,"(1, 1, 1, 571)"
335241,"(1, 1, 1, 579)"
385641,"(1, 1, 1, 621)"
395641,"(1, 1, 1, 629)"
450241,"(1, 1, 1, 671)"
461041,"(1, 1, 1, 679)"
519841,"(1, 1, 1, 721)"
531441,"(1, 1, 1, 729)"
594441,"(1, 1, 1, 771)"
606841,"(1, 1, 1, 779)"
674041,"(1, 1, 1, 821)"
687241,"(1, 1, 1, 829)"
758641,"(1, 1, 1, 871)"
772641,"(1, 1, 1, 879)"
848241,"(1, 1, 1, 921)"
863041,"(1, 1, 1, 929)"
942841,"(1, 1, 1, 971)"
958441,"(1, 1, 1, 979)"
1042441,"(1, 1, 1, 1021)"
1058841,"(1, 1, 1, 1029)"
1147041,"(1, 1, 1, 1071)"
1164241,"(1, 1, 1, 1079)"
1256641,"(1, 1, 1, 1121)"
1274641,"(1, 1, 1, 1129)"
1371241,"(1, 1, 1, 1171)"
1390041,"(1, 1, 1, 1179)"
1490841,"(1, 1, 1, 1221)"
1510441,"(1, 1, 1, 1229)"
1615441,"(1, 1, 1, 1271)"
1635841,"(1, 1, 1, 1279)"
1745041,"(1, 1, 1, 1321)"
1766241,"(1, 1, 1, 1329)"
1879641,"(1, 1, 1, 1371)"
1901641,"(1, 1, 1, 1379)"
2019241,"(1, 1, 1, 1421)"
2042041,"(1, 1, 1, 1429)"
2163841,"(1, 1, 1, 1471)"
2187441,"(1, 1, 1, 1479)"
2313441,"(1, 1, 1, 1521)"
2337841,"(1, 1, 1, 1529)"
2468041,"(1, 1, 1, 1571)"
2493241,"(1, 1, 1, 1579)"
2627641,"(1, 1, 1, 1621)"
2653641,"(1, 1, 1, 1629)"
2792241,"(1, 1, 1, 1671)"
2819041,"(1, 1, 1, 1679)"
2961841,"(1, 1, 1, 1721)"
2989441,"(1, 1, 1, 1729)"
3136441,"(1, 1, 1, 1771)"
3164841,"(1, 1, 1, 1779)"
3316041,"(1, 1, 1, 1821)"
3345241,"(1, 1, 1, 1829)"
3500641,"(1, 1, 1, 1871)"
3530641,"(1, 1, 1, 1879)"
3690241,"(1, 1, 1, 1921)"
3721041,"(1, 1, 1, 1929)"
3884841,"(1, 1, 1, 1971)"
3916441,"(1, 1, 1, 1979)"
144,"(1, 1, 1, 12)"
1444,"(1, 1, 1, 38)"
3844,"(1, 1, 1, 62)"
7744,"(1, 1, 1, 88)"
12544,"(1, 1, 1, 112)"
19044,"(1, 1, 1, 138)"
26244,"(1, 1, 1, 162)"
35344,"(1, 1, 1, 188)"
44944,"(1, 1, 1, 212)"
56644,"(1, 1, 1, 238)"
68644,"(1, 1, 1, 262)"
82944,"(1, 1, 1, 288)"
97344,"(1, 1, 1, 312)"
114244,"(1, 1, 1, 338)"
131044,"(1, 1, 1, 362)"
150544,"(1, 1, 1, 388)"
169744,"(1, 1, 1, 412)"
191844,"(1, 1, 1, 438)"
213444,"(1, 1, 1, 462)"
238144,"(1, 1, 1, 488)"
262144,"(1, 1, 1, 512)"
289444,"(1, 1, 1, 538)"
315844,"(1, 1, 1, 562)"
345744,"(1, 1, 1, 588)"
374544,"(1, 1, 1, 612)"
407044,"(1, 1, 1, 638)"
438244,"(1, 1, 1, 662)"
473344,"(1, 1, 1, 688)"
506944,"(1, 1, 1, 712)"
544644,"(1, 1, 1, 738)"
580644,"(1, 1, 1, 762)"
620944,"(1, 1, 1, 788)"
659344,"(1, 1, 1, 812)"
702244,"(1, 1, 1, 838)"
743044,"(1, 1, 1, 862)"
788544,"(1, 1, 1, 888)"
831744,"(1, 1, 1, 912)"
879844,"(1, 1, 1, 938)"
925444,"(1, 1, 1, 962)"
976144,"(1, 1, 1, 988)"
1024144,"(1, 1, 1, 1012)"
1077444,"(1, 1, 1, 1038)"
1127844,"(1, 1, 1, 1062)"
1183744,"(1, 1, 1, 1088)"
1236544,"(1, 1, 1, 1112)"
1295044,"(1, 1, 1, 1138)"
1350244,"(1, 1, 1, 1162)"
1411344,"(1, 1, 1, 1188)"
1468944,"(1, 1, 1, 1212)"
1532644,"(1, 1, 1, 1238)"
1592644,"(1, 1, 1, 1262)"
1658944,"(1, 1, 1, 1288)"
1721344,"(1, 1, 1, 1312)"
1790244,"(1, 1, 1, 1338)"
1855044,"(1, 1, 1, 1362)"
1926544,"(1, 1, 1, 1388)"
1993744,"(1, 1, 1, 1412)"
2067844,"(1, 1, 1, 1438)"
2137444,"(1, 1, 1, 1462)"
2214144,"(1, 1, 1, 1488)"
2286144,"(1, 1, 1, 1512)"
2365444,"(1, 1, 1, 1538)"
2439844,"(1, 1, 1, 1562)"
2521744,"(1, 1, 1, 1588)"
2598544,"(1, 1, 1, 1612)"
2683044,"(1, 1, 1, 1638)"
2762244,"(1, 1, 1, 1662)"
2849344,"(1, 1, 1, 1688)"
2930944,"(1, 1, 1, 1712)"
3020644,"(1, 1, 1, 1738)"
3104644,"(1, 1, 1, 1762)"
3196944,"(1, 1, 1, 1788)"
3283344,"(1, 1, 1, 1812)"
3378244,"(1, 1, 1, 1838)"
3467044,"(1, 1, 1, 1862)"
3564544,"(1, 1, 1, 1888)"
3655744,"(1, 1, 1, 1912)"
3755844,"(1, 1, 1, 1938)"
3849444,"(1, 1, 1, 1962)"
3952144,"(1, 1, 1, 1988)"
49,"(1, 1, 1, 7)"
1849,"(1, 1, 1, 43)"
3249,"(1, 1, 1, 57)"
8649,"(1, 1, 1, 93)"
11449,"(1, 1, 1, 107)"
20449,"(1, 1, 1, 143)"
24649,"(1, 1, 1, 157)"
37249,"(1, 1, 1, 193)"
42849,"(1, 1, 1, 207)"
59049,"(1, 1, 1, 243)"
66049,"(1, 1, 1, 257)"
85849,"(1, 1, 1, 293)"
94249,"(1, 1, 1, 307)"
117649,"(1, 1, 1, 343)"
127449,"(1, 1, 1, 357)"
154449,"(1, 1, 1, 393)"
165649,"(1, 1, 1, 407)"
196249,"(1, 1, 1, 443)"
208849,"(1, 1, 1, 457)"
243049,"(1, 1, 1, 493)"
257049,"(1, 1, 1, 507)"
294849,"(1, 1, 1, 543)"
310249,"(1, 1, 1, 557)"
351649,"(1, 1, 1, 593)"
368449,"(1, 1, 1, 607)"
413449,"(1, 1, 1, 643)"
431649,"(1, 1, 1, 657)"
480249,"(1, 1, 1, 693)"
499849,"(1, 1, 1, 707)"
552049,"(1, 1, 1, 743)"
573049,"(1, 1, 1, 757)"
628849,"(1, 1, 1, 793)"
651249,"(1, 1, 1, 807)"
710649,"(1, 1, 1, 843)"
734449,"(1, 1, 1, 857)"
797449,"(1, 1, 1, 893)"
822649,"(1, 1, 1, 907)"
889249,"(1, 1, 1, 943)"
915849,"(1, 1, 1, 957)"
986049,"(1, 1, 1, 993)"
1014049,"(1, 1, 1, 1007)"
1087849,"(1, 1, 1, 1043)"
1117249,"(1, 1, 1, 1057)"
1194649,"(1, 1, 1, 1093)"
1225449,"(1, 1, 1, 1107)"
1306449,"(1, 1, 1, 1143)"
1338649,"(1, 1, 1, 1157)"
1423249,"(1, 1, 1, 1193)"
1456849,"(1, 1, 1, 1207)"
1545049,"(1, 1, 1, 1243)"
1580049,"(1, 1, 1, 1257)"
1671849,"(1, 1, 1, 1293)"
1708249,"(1, 1, 1, 1307)"
1803649,"(1, 1, 1, 1343)"
1841449,"(1, 1, 1, 1357)"
1940449,"(1, 1, 1, 1393)"
1979649,"(1, 1, 1, 1407)"
2082249,"(1, 1, 1, 1443)"
2122849,"(1, 1, 1, 1457)"
2229049,"(1, 1, 1, 1493)"
2271049,"(1, 1, 1, 1507)"
2380849,"(1, 1, 1, 1543)"
2424249,"(1, 1, 1, 1557)"
2537649,"(1, 1, 1, 1593)"
2582449,"(1, 1, 1, 1607)"
2699449,"(1, 1, 1, 1643)"
2745649,"(1, 1, 1, 1657)"
2866249,"(1, 1, 1, 1693)"
2913849,"(1, 1, 1, 1707)"
3038049,"(1, 1, 1, 1743)"
3087049,"(1, 1, 1, 1757)"
3214849,"(1, 1, 1, 1793)"
3265249,"(1, 1, 1, 1807)"
3396649,"(1, 1, 1, 1843)"
3448449,"(1, 1, 1, 1857)"
3583449,"(1, 1, 1, 1893)"
3636649,"(1, 1, 1, 1907)"
3775249,"(1, 1, 1, 1943)"
3829849,"(1, 1, 1, 1957)"
3972049,"(1, 1, 1, 1993)"
256,"(1, 1, 1, 16)"
1156,"(1, 1, 1, 34)"
4356,"(1, 1, 1, 66)"
7056,"(1, 1, 1, 84)"
13456,"(1, 1, 1, 116)"
17956,"(1, 1, 1, 134)"
27556,"(1, 1, 1, 166)"
33856,"(1, 1, 1, 184)"
46656,"(1, 1, 1, 216)"
54756,"(1, 1, 1, 234)"
70756,"(1, 1, 1, 266)"
80656,"(1, 1, 1, 284)"
99856,"(1, 1, 1, 316)"
111556,"(1, 1, 1, 334)"
133956,"(1, 1, 1, 366)"
147456,"(1, 1, 1, 384)"
173056,"(1, 1, 1, 416)"
188356,"(1, 1, 1, 434)"
217156,"(1, 1, 1, 466)"
234256,"(1, 1, 1, 484)"
266256,"(1, 1, 1, 516)"
285156,"(1, 1, 1, 534)"
320356,"(1, 1, 1, 566)"
341056,"(1, 1, 1, 584)"
379456,"(1, 1, 1, 616)"
401956,"(1, 1, 1, 634)"
443556,"(1, 1, 1, 666)"
467856,"(1, 1, 1, 684)"
512656,"(1, 1, 1, 716)"
538756,"(1, 1, 1, 734)"
586756,"(1, 1, 1, 766)"
614656,"(1, 1, 1, 784)"
665856,"(1, 1, 1, 816)"
695556,"(1, 1, 1, 834)"
749956,"(1, 1, 1, 866)"
781456,"(1, 1, 1, 884)"
839056,"(1, 1, 1, 916)"
872356,"(1, 1, 1, 934)"
933156,"(1, 1, 1, 966)"
968256,"(1, 1, 1, 984)"
1032256,"(1, 1, 1, 1016)"
1069156,"(1, 1, 1, 1034)"
1136356,"(1, 1, 1, 1066)"
1175056,"(1, 1, 1, 1084)"
1245456,"(1, 1, 1, 1116)"
1285956,"(1, 1, 1, 1134)"
1359556,"(1, 1, 1, 1166)"
1401856,"(1, 1, 1, 1184)"
1478656,"(1, 1, 1, 1216)"
1522756,"(1, 1, 1, 1234)"
1602756,"(1, 1, 1, 1266)"
1648656,"(1, 1, 1, 1284)"
1731856,"(1, 1, 1, 1316)"
1779556,"(1, 1, 1, 1334)"
1865956,"(1, 1, 1, 1366)"
1915456,"(1, 1, 1, 1384)"
2005056,"(1, 1, 1, 1416)"
2056356,"(1, 1, 1, 1434)"
2149156,"(1, 1, 1, 1466)"
2202256,"(1, 1, 1, 1484)"
2298256,"(1, 1, 1, 1516)"
2353156,"(1, 1, 1, 1534)"
2452356,"(1, 1, 1, 1566)"
2509056,"(1, 1, 1, 1584)"
2611456,"(1, 1, 1, 1616)"
2669956,"(1, 1, 1, 1634)"
2775556,"(1, 1, 1, 1666)"
2835856,"(1, 1, 1, 1684)"
2944656,"(1, 1, 1, 1716)"
3006756,"(1, 1, 1, 1734)"
3118756,"(1, 1, 1, 1766)"
3182656,"(1, 1, 1, 1784)"
3297856,"(1, 1, 1, 1816)"
3363556,"(1, 1, 1, 1834)"
3481956,"(1, 1, 1, 1866)"
3549456,"(1, 1, 1, 1884)"
3671056,"(1, 1, 1, 1916)"
3740356,"(1, 1, 1, 1934)"
3865156,"(1, 1, 1, 1966)"
3936256,"(1, 1, 1, 1984)"
361,"(1, 1, 1, 19)"
961,"(1, 1, 1, 31)"
4761,"(1, 1, 1, 69)"
6561,"(1, 1, 1, 81)"
14161,"(1, 1, 1, 119)"
17161,"(1, 1, 1, 131)"
28561,"(1, 1, 1, 169)"
32761,"(1, 1, 1, 181)"
47961,"(1, 1, 1, 219)"
53361,"(1, 1, 1, 231)"
72361,"(1, 1, 1, 269)"
78961,"(1, 1, 1, 281)"
101761,"(1, 1, 1, 319)"
109561,"(1, 1, 1, 331)"
136161,"(1, 1, 1, 369)"
145161,"(1, 1, 1, 381)"
175561,"(1, 1, 1, 419)"
185761,"(1, 1, 1, 431)"
219961,"(1, 1, 1, 469)"
231361,"(1, 1, 1, 481)"
269361,"(1, 1, 1, 519)"
281961,"(1, 1, 1, 531)"
323761,"(1, 1, 1, 569)"
337561,"(1, 1, 1, 581)"
383161,"(1, 1, 1, 619)"
398161,"(1, 1, 1, 631)"
447561,"(1, 1, 1, 669)"
463761,"(1, 1, 1, 681)"
516961,"(1, 1, 1, 719)"
534361,"(1, 1, 1, 731)"
591361,"(1, 1, 1, 769)"
609961,"(1, 1, 1, 781)"
670761,"(1, 1, 1, 819)"
690561,"(1, 1, 1, 831)"
755161,"(1, 1, 1, 869)"
776161,"(1, 1, 1, 881)"
844561,"(1, 1, 1, 919)"
866761,"(1, 1, 1, 931)"
938961,"(1, 1, 1, 969)"
962361,"(1, 1, 1, 981)"
1038361,"(1, 1, 1, 1019)"
1062961,"(1, 1, 1, 1031)"
1142761,"(1, 1, 1, 1069)"
1168561,"(1, 1, 1, 1081)"
1252161,"(1, 1, 1, 1119)"
1279161,"(1, 1, 1, 1131)"
1366561,"(1, 1, 1, 1169)"
1394761,"(1, 1, 1, 1181)"
1485961,"(1, 1, 1, 1219)"
1515361,"(1, 1, 1, 1231)"
1610361,"(1, 1, 1, 1269)"
1640961,"(1, 1, 1, 1281)"
1739761,"(1, 1, 1, 1319)"
1771561,"(1, 1, 1, 1331)"
1874161,"(1, 1, 1, 1369)"
1907161,"(1, 1, 1, 1381)"
2013561,"(1, 1, 1, 1419)"
2047761,"(1, 1, 1, 1431)"
2157961,"(1, 1, 1, 1469)"
2193361,"(1, 1, 1, 1481)"
2307361,"(1, 1, 1, 1519)"
2343961,"(1, 1, 1, 1531)"
2461761,"(1, 1, 1, 1569)"
2499561,"(1, 1, 1, 1581)"
2621161,"(1, 1, 1, 1619)"
2660161,"(1, 1, 1, 1631)"
2785561,"(1, 1, 1, 1669)"
2825761,"(1, 1, 1, 1681)"
2954961,"(1, 1, 1, 1719)"
2996361,"(1, 1, 1, 1731)"
3129361,"(1, 1, 1, 1769)"
3171961,"(1, 1, 1, 1781)"
3308761,"(1, 1, 1, 1819)"
3352561,"(1, 1, 1, 1831)"
3493161,"(1, 1, 1, 1869)"
3538161,"(1, 1, 1, 1881)"
3682561,"(1, 1, 1, 1919)"
3728761,"(1, 1, 1, 1931)"
3876961,"(1, 1, 1, 1969)"
3924361,"(1, 1, 1, 1981)"
64,"(1, 1, 1, 8)"
1764,"(1, 1, 1, 42)"
3364,"(1, 1, 1, 58)"
8464,"(1, 1, 1, 92)"
11664,"(1, 1, 1, 108)"
20164,"(1, 1, 1, 142)"
24964,"(1, 1, 1, 158)"
36864,"(1, 1, 1, 192)"
43264,"(1, 1, 1, 208)"
58564,"(1, 1, 1, 242)"
66564,"(1, 1, 1, 258)"
85264,"(1, 1, 1, 292)"
94864,"(1, 1, 1, 308)"
116964,"(1, 1, 1, 342)"
128164,"(1, 1, 1, 358)"
153664,"(1, 1, 1, 392)"
166464,"(1, 1, 1, 408)"
195364,"(1, 1, 1, 442)"
209764,"(1, 1, 1, 458)"
242064,"(1, 1, 1, 492)"
258064,"(1, 1, 1, 508)"
293764,"(1, 1, 1, 542)"
311364,"(1, 1, 1, 558)"
350464,"(1, 1, 1, 592)"
369664,"(1, 1, 1, 608)"
412164,"(1, 1, 1, 642)"
432964,"(1, 1, 1, 658)"
478864,"(1, 1, 1, 692)"
501264,"(1, 1, 1, 708)"
550564,"(1, 1, 1, 742)"
574564,"(1, 1, 1, 758)"
627264,"(1, 1, 1, 792)"
652864,"(1, 1, 1, 808)"
708964,"(1, 1, 1, 842)"
736164,"(1, 1, 1, 858)"
795664,"(1, 1, 1, 892)"
824464,"(1, 1, 1, 908)"
887364,"(1, 1, 1, 942)"
917764,"(1, 1, 1, 958)"
984064,"(1, 1, 1, 992)"
1016064,"(1, 1, 1, 1008)"
1085764,"(1, 1, 1, 1042)"
1119364,"(1, 1, 1, 1058)"
1192464,"(1, 1, 1, 1092)"
1227664,"(1, 1, 1, 1108)"
1304164,"(1, 1, 1, 1142)"
1340964,"(1, 1, 1, 1158)"
1420864,"(1, 1, 1, 1192)"
1459264,"(1, 1, 1, 1208)"
1542564,"(1, 1, 1, 1242)"
1582564,"(1, 1, 1, 1258)"
1669264,"(1, 1, 1, 1292)"
1710864,"(1, 1, 1, 1308)"
1800964,"(1, 1, 1, 1342)"
1844164,"(1, 1, 1, 1358)"
1937664,"(1, 1, 1, 1392)"
1982464,"(1, 1, 1, 1408)"
2079364,"(1, 1, 1, 1442)"
2125764,"(1, 1, 1, 1458)"
2226064,"(1, 1, 1, 1492)"
2274064,"(1, 1, 1, 1508)"
2377764,"(1, 1, 1, 1542)"
2427364,"(1, 1, 1, 1558)"
2534464,"(1, 1, 1, 1592)"
2585664,"(1, 1, 1, 1608)"
2696164,"(1, 1, 1, 1642)"
2748964,"(1, 1, 1, 1658)"
2862864,"(1, 1, 1, 1692)"
2917264,"(1, 1, 1, 1708)"
3034564,"(1, 1, 1, 1742)"
3090564,"(1, 1, 1, 1758)"
3211264,"(1, 1, 1, 1792)"
3268864,"(1, 1, 1, 1808)"
3392964,"(1, 1, 1, 1842)"
3452164,"(1, 1, 1, 1858)"
3579664,"(1, 1, 1, 1892)"
3640464,"(1, 1, 1, 1908)"
3771364,"(1, 1, 1, 1942)"
3833764,"(1, 1, 1, 1958)"
3968064,"(1, 1, 1, 1992)"
169,"(1, 1, 1, 13)"
1369,"(1, 1, 1, 37)"
3969,"(1, 1, 1, 63)"
7569,"(1, 1, 1, 87)"
12769,"(1, 1, 1, 113)"
18769,"(1, 1, 1, 137)"
26569,"(1, 1, 1, 163)"
34969,"(1, 1, 1, 187)"
45369,"(1, 1, 1, 213)"
56169,"(1, 1, 1, 237)"
69169,"(1, 1, 1, 263)"
82369,"(1, 1, 1, 287)"
97969,"(1, 1, 1, 313)"
113569,"(1, 1, 1, 337)"
131769,"(1, 1, 1, 363)"
149769,"(1, 1, 1, 387)"
170569,"(1, 1, 1, 413)"
190969,"(1, 1, 1, 437)"
214369,"(1, 1, 1, 463)"
237169,"(1, 1, 1, 487)"
263169,"(1, 1, 1, 513)"
288369,"(1, 1, 1, 537)"
316969,"(1, 1, 1, 563)"
344569,"(1, 1, 1, 587)"
375769,"(1, 1, 1, 613)"
405769,"(1, 1, 1, 637)"
439569,"(1, 1, 1, 663)"
471969,"(1, 1, 1, 687)"
508369,"(1, 1, 1, 713)"
543169,"(1, 1, 1, 737)"
582169,"(1, 1, 1, 763)"
619369,"(1, 1, 1, 787)"
660969,"(1, 1, 1, 813)"
700569,"(1, 1, 1, 837)"
744769,"(1, 1, 1, 863)"
786769,"(1, 1, 1, 887)"
833569,"(1, 1, 1, 913)"
877969,"(1, 1, 1, 937)"
927369,"(1, 1, 1, 963)"
974169,"(1, 1, 1, 987)"
1026169,"(1, 1, 1, 1013)"
1075369,"(1, 1, 1, 1037)"
1129969,"(1, 1, 1, 1063)"
1181569,"(1, 1, 1, 1087)"
1238769,"(1, 1, 1, 1113)"
1292769,"(1, 1, 1, 1137)"
1352569,"(1, 1, 1, 1163)"
1408969,"(1, 1, 1, 1187)"
1471369,"(1, 1, 1, 1213)"
1530169,"(1, 1, 1, 1237)"
1595169,"(1, 1, 1, 1263)"
1656369,"(1, 1, 1, 1287)"
1723969,"(1, 1, 1, 1313)"
1787569,"(1, 1, 1, 1337)"
1857769,"(1, 1, 1, 1363)"
1923769,"(1, 1, 1, 1387)"
1996569,"(1, 1, 1, 1413)"
2064969,"(1, 1, 1, 1437)"
2140369,"(1, 1, 1, 1463)"
2211169,"(1, 1, 1, 1487)"
2289169,"(1, 1, 1, 1513)"
2362369,"(1, 1, 1, 1537)"
2442969,"(1, 1, 1, 1563)"
2518569,"(1, 1, 1, 1587)"
2601769,"(1, 1, 1, 1613)"
2679769,"(1, 1, 1, 1637)"
2765569,"(1, 1, 1, 1663)"
2845969,"(1, 1, 1, 1687)"
2934369,"(1, 1, 1, 1713)"
3017169,"(1, 1, 1, 1737)"
3108169,"(1, 1, 1, 1763)"
3193369,"(1, 1, 1, 1787)"
3286969,"(1, 1, 1, 1813)"
3374569,"(1, 1, 1, 1837)"
3470769,"(1, 1, 1, 1863)"
3560769,"(1, 1, 1, 1887)"
3659569,"(1, 1, 1, 1913)"
3751969,"(1, 1, 1, 1937)"
3853369,"(1, 1, 1, 1963)"
3948169,"(1, 1, 1, 1987)"
576,"(1, 1, 1, 24)"
676,"(1, 1, 1, 26)"
5476,"(1, 1, 1, 74)"
5776,"(1, 1, 1, 76)"
15376,"(1, 1, 1, 124)"
15876,"(1, 1, 1, 126)"
30276,"(1, 1, 1, 174)"
30976,"(1, 1, 1, 176)"
50176,"(1, 1, 1, 224)"
51076,"(1, 1, 1, 226)"
75076,"(1, 1, 1, 274)"
76176,"(1, 1, 1, 276)"
104976,"(1, 1, 1, 324)"
106276,"(1, 1, 1, 326)"
139876,"(1, 1, 1, 374)"
141376,"(1, 1, 1, 376)"
179776,"(1, 1, 1, 424)"
181476,"(1, 1, 1, 426)"
224676,"(1, 1, 1, 474)"
226576,"(1, 1, 1, 476)"
274576,"(1, 1, 1, 524)"
276676,"(1, 1, 1, 526)"
329476,"(1, 1, 1, 574)"
331776,"(1, 1, 1, 576)"
389376,"(1, 1, 1, 624)"
391876,"(1, 1, 1, 626)"
454276,"(1, 1, 1, 674)"
456976,"(1, 1, 1, 676)"
524176,"(1, 1, 1, 724)"
527076,"(1, 1, 1, 726)"
599076,"(1, 1, 1, 774)"
602176,"(1, 1, 1, 776)"
678976,"(1, 1, 1, 824)"
682276,"(1, 1, 1, 826)"
763876,"(1, 1, 1, 874)"
767376,"(1, 1, 1, 876)"
853776,"(1, 1, 1, 924)"
857476,"(1, 1, 1, 926)"
948676,"(1, 1, 1, 974)"
952576,"(1, 1, 1, 976)"
1048576,"(1, 1, 1, 1024)"
1052676,"(1, 1, 1, 1026)"
1153476,"(1, 1, 1, 1074)"
1157776,"(1, 1, 1, 1076)"
1263376,"(1, 1, 1, 1124)"
1267876,"(1, 1, 1, 1126)"
1378276,"(1, 1, 1, 1174)"
1382976,"(1, 1, 1, 1176)"
1498176,"(1, 1, 1, 1224)"
1503076,"(1, 1, 1, 1226)"
1623076,"(1, 1, 1, 1274)"
1628176,"(1, 1, 1, 1276)"
1752976,"(1, 1, 1, 1324)"
1758276,"(1, 1, 1, 1326)"
1887876,"(1, 1, 1, 1374)"
1893376,"(1, 1, 1, 1376)"
2027776,"(1, 1, 1, 1424)"
2033476,"(1, 1, 1, 1426)"
2172676,"(1, 1, 1, 1474)"
2178576,"(1, 1, 1, 1476)"
2322576,"(1, 1, 1, 1524)"
2328676,"(1, 1, 1, 1526)"
2477476,"(1, 1, 1, 1574)"
2483776,"(1, 1, 1, 1576)"
2637376,"(1, 1, 1, 1624)"
2643876,"(1, 1, 1, 1626)"
2802276,"(1, 1, 1, 1674)"
2808976,"(1, 1, 1, 1676)"
2972176,"(1, 1, 1, 1724)"
2979076,"(1, 1, 1, 1726)"
3147076,"(1, 1, 1, 1774)"
3154176,"(1, 1, 1, 1776)"
3326976,"(1, 1, 1, 1824)"
3334276,"(1, 1, 1, 1826)"
3511876,"(1, 1, 1, 1874)"
3519376,"(1, 1, 1, 1876)"
3701776,"(1, 1, 1, 1924)"
3709476,"(1, 1, 1, 1926)"
3896676,"(1, 1, 1, 1974)"
3904576,"(1, 1, 1, 1976)"
81,"(1, 1, 1, 9)"
1681,"(1, 1, 1, 41)"
3481,"(1, 1, 1, 59)"
8281,"(1, 1, 1, 91)"
11881,"(1, 1, 1, 109)"
19881,"(1, 1, 1, 141)"
25281,"(1, 1, 1, 159)"
36481,"(1, 1, 1, 191)"
43681,"(1, 1, 1, 209)"
58081,"(1, 1, 1, 241)"
67081,"(1, 1, 1, 259)"
84681,"(1, 1, 1, 291)"
95481,"(1, 1, 1, 309)"
116281,"(1, 1, 1, 341)"
128881,"(1, 1, 1, 359)"
152881,"(1, 1, 1, 391)"
167281,"(1, 1, 1, 409)"
194481,"(1, 1, 1, 441)"
210681,"(1, 1, 1, 459)"
241081,"(1, 1, 1, 491)"
259081,"(1, 1, 1, 509)"
292681,"(1, 1, 1, 541)"
312481,"(1, 1, 1, 559)"
349281,"(1, 1, 1, 591)"
370881,"(1, 1, 1, 609)"
410881,"(1, 1, 1, 641)"
434281,"(1, 1, 1, 659)"
477481,"(1, 1, 1, 691)"
502681,"(1, 1, 1, 709)"
549081,"(1, 1, 1, 741)"
576081,"(1, 1, 1, 759)"
625681,"(1, 1, 1, 791)"
654481,"(1, 1, 1, 809)"
707281,"(1, 1, 1, 841)"
737881,"(1, 1, 1, 859)"
793881,"(1, 1, 1, 891)"
826281,"(1, 1, 1, 909)"
885481,"(1, 1, 1, 941)"
919681,"(1, 1, 1, 959)"
982081,"(1, 1, 1, 991)"
1018081,"(1, 1, 1, 1009)"
1083681,"(1, 1, 1, 1041)"
1121481,"(1, 1, 1, 1059)"
1190281,"(1, 1, 1, 1091)"
1229881,"(1, 1, 1, 1109)"
1301881,"(1, 1, 1, 1141)"
1343281,"(1, 1, 1, 1159)"
1418481,"(1, 1, 1, 1191)"
1461681,"(1, 1, 1, 1209)"
1540081,"(1, 1, 1, 1241)"
1585081,"(1, 1, 1, 1259)"
1666681,"(1, 1, 1, 1291)"
1713481,"(1, 1, 1, 1309)"
1798281,"(1, 1, 1, 1341)"
1846881,"(1, 1, 1, 1359)"
1934881,"(1, 1, 1, 1391)"
1985281,"(1, 1, 1, 1409)"
2076481,"(1, 1, 1, 1441)"
2128681,"(1, 1, 1, 1459)"
2223081,"(1, 1, 1, 1491)"
2277081,"(1, 1, 1, 1509)"
2374681,"(1, 1, 1, 1541)"
2430481,"(1, 1, 1, 1559)"
2531281,"(1, 1, 1, 1591)"
2588881,"(1, 1, 1, 1609)"
2692881,"(1, 1, 1, 1641)"
2752281,"(1, 1, 1, 1659)"
2859481,"(1, 1, 1, 1691)"
2920681,"(1, 1, 1, 1709)"
3031081,"(1, 1, 1, 1741)"
3094081,"(1, 1, 1, 1759)"
3207681,"(1, 1, 1, 1791)"
3272481,"(1, 1, 1, 1809)"
3389281,"(1, 1, 1, 1841)"
3455881,"(1, 1, 1, 1859)"
3575881,"(1, 1, 1, 1891)"
3644281,"(1, 1, 1, 1909)"
3767481,"(1, 1, 1, 1941)"
3837681,"(1, 1, 1, 1959)"
3964081,"(1, 1, 1, 1991)"
484,"(1, 1, 1, 22)"
784,"(1, 1, 1, 28)"
5184,"(1, 1, 1, 72)"
6084,"(1, 1, 1, 78)"
14884,"(1, 1, 1, 122)"
16384,"(1, 1, 1, 128)"
29584,"(1, 1, 1, 172)"
31684,"(1, 1, 1, 178)"
49284,"(1, 1, 1, 222)"
51984,"(1, 1, 1, 228)"
73984,"(1, 1, 1, 272)"
77284,"(1, 1, 1, 278)"
103684,"(1, 1, 1, 322)"
107584,"(1, 1, 1, 328)"
138384,"(1, 1, 1, 372)"
142884,"(1, 1, 1, 378)"
178084,"(1, 1, 1, 422)"
183184,"(1, 1, 1, 428)"
222784,"(1, 1, 1, 472)"
228484,"(1, 1, 1, 478)"
272484,"(1, 1, 1, 522)"
278784,"(1, 1, 1, 528)"
327184,"(1, 1, 1, 572)"
334084,"(1, 1, 1, 578)"
386884,"(1, 1, 1, 622)"
394384,"(1, 1, 1, 628)"
451584,"(1, 1, 1, 672)"
459684,"(1, 1, 1, 678)"
521284,"(1, 1, 1, 722)"
529984,"(1, 1, 1, 728)"
595984,"(1, 1, 1, 772)"
605284,"(1, 1, 1, 778)"
675684,"(1, 1, 1, 822)"
685584,"(1, 1, 1, 828)"
760384,"(1, 1, 1, 872)"
770884,"(1, 1, 1, 878)"
850084,"(1, 1, 1, 922)"
861184,"(1, 1, 1, 928)"
944784,"(1, 1, 1, 972)"
956484,"(1, 1, 1, 978)"
1044484,"(1, 1, 1, 1022)"
1056784,"(1, 1, 1, 1028)"
1149184,"(1, 1, 1, 1072)"
1162084,"(1, 1, 1, 1078)"
1258884,"(1, 1, 1, 1122)"
1272384,"(1, 1, 1, 1128)"
1373584,"(1, 1, 1, 1172)"
1387684,"(1, 1, 1, 1178)"
1493284,"(1, 1, 1, 1222)"
1507984,"(1, 1, 1, 1228)"
1617984,"(1, 1, 1, 1272)"
1633284,"(1, 1, 1, 1278)"
1747684,"(1, 1, 1, 1322)"
1763584,"(1, 1, 1, 1328)"
1882384,"(1, 1, 1, 1372)"
1898884,"(1, 1, 1, 1378)"
2022084,"(1, 1, 1, 1422)"
2039184,"(1, 1, 1, 1428)"
2166784,"(1, 1, 1, 1472)"
2184484,"(1, 1, 1, 1478)"
2316484,"(1, 1, 1, 1522)"
2334784,"(1, 1, 1, 1528)"
2471184,"(1, 1, 1, 1572)"
2490084,"(1, 1, 1, 1578)"
2630884,"(1, 1, 1, 1622)"
2650384,"(1, 1, 1, 1628)"
2795584,"(1, 1, 1, 1672)"
2815684,"(1, 1, 1, 1678)"
2965284,"(1, 1, 1, 1722)"
2985984,"(1, 1, 1, 1728)"
3139984,"(1, 1, 1, 1772)"
3161284,"(1, 1, 1, 1778)"
3319684,"(1, 1, 1, 1822)"
3341584,"(1, 1, 1, 1828)"
3504384,"(1, 1, 1, 1872)"
3526884,"(1, 1, 1, 1878)"
3694084,"(1, 1, 1, 1922)"
3717184,"(1, 1, 1, 1928)"
3888784,"(1, 1, 1, 1972)"
3912484,"(1, 1, 1, 1978)"
289,"(1, 1, 1, 17)"
1089,"(1, 1, 1, 33)"
4489,"(1, 1, 1, 67)"
6889,"(1, 1, 1, 83)"
13689,"(1, 1, 1, 117)"
17689,"(1, 1, 1, 133)"
27889,"(1, 1, 1, 167)"
33489,"(1, 1, 1, 183)"
47089,"(1, 1, 1, 217)"
54289,"(1, 1, 1, 233)"
71289,"(1, 1, 1, 267)"
80089,"(1, 1, 1, 283)"
100489,"(1, 1, 1, 317)"
110889,"(1, 1, 1, 333)"
134689,"(1, 1, 1, 367)"
146689,"(1, 1, 1, 383)"
173889,"(1, 1, 1, 417)"
187489,"(1, 1, 1, 433)"
218089,"(1, 1, 1, 467)"
233289,"(1, 1, 1, 483)"
267289,"(1, 1, 1, 517)"
284089,"(1, 1, 1, 533)"
321489,"(1, 1, 1, 567)"
339889,"(1, 1, 1, 583)"
380689,"(1, 1, 1, 617)"
400689,"(1, 1, 1, 633)"
444889,"(1, 1, 1, 667)"
466489,"(1, 1, 1, 683)"
514089,"(1, 1, 1, 717)"
537289,"(1, 1, 1, 733)"
588289,"(1, 1, 1, 767)"
613089,"(1, 1, 1, 783)"
667489,"(1, 1, 1, 817)"
693889,"(1, 1, 1, 833)"
751689,"(1, 1, 1, 867)"
779689,"(1, 1, 1, 883)"
840889,"(1, 1, 1, 917)"
870489,"(1, 1, 1, 933)"
935089,"(1, 1, 1, 967)"
966289,"(1, 1, 1, 983)"
1034289,"(1, 1, 1, 1017)"
1067089,"(1, 1, 1, 1033)"
1138489,"(1, 1, 1, 1067)"
1172889,"(1, 1, 1, 1083)"
1247689,"(1, 1, 1, 1117)"
1283689,"(1, 1, 1, 1133)"
1361889,"(1, 1, 1, 1167)"
1399489,"(1, 1, 1, 1183)"
1481089,"(1, 1, 1, 1217)"
1520289,"(1, 1, 1, 1233)"
1605289,"(1, 1, 1, 1267)"
1646089,"(1, 1, 1, 1283)"
1734489,"(1, 1, 1, 1317)"
1776889,"(1, 1, 1, 1333)"
1868689,"(1, 1, 1, 1367)"
1912689,"(1, 1, 1, 1383)"
2007889,"(1, 1, 1, 1417)"
2053489,"(1, 1, 1, 1433)"
2152089,"(1, 1, 1, 1467)"
2199289,"(1, 1, 1, 1483)"
2301289,"(1, 1, 1, 1517)"
2350089,"(1, 1, 1, 1533)"
2455489,"(1, 1, 1, 1567)"
2505889,"(1, 1, 1, 1583)"
2614689,"(1, 1, 1, 1617)"
2666689,"(1, 1, 1, 1633)"
2778889,"(1, 1, 1, 1667)"
2832489,"(1, 1, 1, 1683)"
2948089,"(1, 1, 1, 1717)"
3003289,"(1, 1, 1, 1733)"
3122289,"(1, 1, 1, 1767)"
3179089,"(1, 1, 1, 1783)"
3301489,"(1, 1, 1, 1817)"
3359889,"(1, 1, 1, 1833)"
3485689,"(1, 1, 1, 1867)"
3545689,"(1, 1, 1, 1883)"
3674889,"(1, 1, 1, 1917)"
3736489,"(1, 1, 1, 1933)"
3869089,"(1, 1, 1, 1967)"
3932289,"(1, 1, 1, 1983)"
196,"(1, 1, 1, 14)"
1296,"(1, 1, 1, 36)"
4096,"(1, 1, 1, 64)"
7396,"(1, 1, 1, 86)"
12996,"(1, 1, 1, 114)"
18496,"(1, 1, 1, 136)"
26896,"(1, 1, 1, 164)"
34596,"(1, 1, 1, 186)"
45796,"(1, 1, 1, 214)"
55696,"(1, 1, 1, 236)"
69696,"(1, 1, 1, 264)"
81796,"(1, 1, 1, 286)"
98596,"(1, 1, 1, 314)"
112896,"(1, 1, 1, 336)"
132496,"(1, 1, 1, 364)"
148996,"(1, 1, 1, 386)"
171396,"(1, 1, 1, 414)"
190096,"(1, 1, 1, 436)"
215296,"(1, 1, 1, 464)"
236196,"(1, 1, 1, 486)"
264196,"(1, 1, 1, 514)"
287296,"(1, 1, 1, 536)"
318096,"(1, 1, 1, 564)"
343396,"(1, 1, 1, 586)"
376996,"(1, 1, 1, 614)"
404496,"(1, 1, 1, 636)"
440896,"(1, 1, 1, 664)"
470596,"(1, 1, 1, 686)"
509796,"(1, 1, 1, 714)"
541696,"(1, 1, 1, 736)"
583696,"(1, 1, 1, 764)"
617796,"(1, 1, 1, 786)"
662596,"(1, 1, 1, 814)"
698896,"(1, 1, 1, 836)"
746496,"(1, 1, 1, 864)"
784996,"(1, 1, 1, 886)"
835396,"(1, 1, 1, 914)"
876096,"(1, 1, 1, 936)"
929296,"(1, 1, 1, 964)"
972196,"(1, 1, 1, 986)"
1028196,"(1, 1, 1, 1014)"
1073296,"(1, 1, 1, 1036)"
1132096,"(1, 1, 1, 1064)"
1179396,"(1, 1, 1, 1086)"
1240996,"(1, 1, 1, 1114)"
1290496,"(1, 1, 1, 1136)"
1354896,"(1, 1, 1, 1164)"
1406596,"(1, 1, 1, 1186)"
1473796,"(1, 1, 1, 1214)"
1527696,"(1, 1, 1, 1236)"
1597696,"(1, 1, 1, 1264)"
1653796,"(1, 1, 1, 1286)"
1726596,"(1, 1, 1, 1314)"
1784896,"(1, 1, 1, 1336)"
1860496,"(1, 1, 1, 1364)"
1920996,"(1, 1, 1, 1386)"
1999396,"(1, 1, 1, 1414)"
2062096,"(1, 1, 1, 1436)"
2143296,"(1, 1, 1, 1464)"
2208196,"(1, 1, 1, 1486)"
2292196,"(1, 1, 1, 1514)"
2359296,"(1, 1, 1, 1536)"
2446096,"(1, 1, 1, 1564)"
2515396,"(1, 1, 1, 1586)"
2604996,"(1, 1, 1, 1614)"
2676496,"(1, 1, 1, 1636)"
2768896,"(1, 1, 1, 1664)"
2842596,"(1, 1, 1, 1686)"
2937796,"(1, 1, 1, 1714)"
3013696,"(1, 1, 1, 1736)"
3111696,"(1, 1, 1, 1764)"
3189796,"(1, 1, 1, 1786)"
3290596,"(1, 1, 1, 1814)"
3370896,"(1, 1, 1, 1836)"
3474496,"(1, 1, 1, 1864)"
3556996,"(1, 1, 1, 1886)"
3663396,"(1, 1, 1, 1914)"
3748096,"(1, 1, 1, 1936)"
3857296,"(1, 1, 1, 1964)"
3944196,"(1, 1, 1, 1986)"
